,op_setting_1,op_setting_2,sensor_2,sensor_3,sensor_4,sensor_6,sensor_7,sensor_8,sensor_9,sensor_11,sensor_12,sensor_13,sensor_14,sensor_15,sensor_17,sensor_20,sensor_21
op_setting_1,1.0,0.001226497583744655,-0.002097719135002257,-0.004153895494380536,0.0008107218070345269,-5.080547411924412e-05,-0.0024983270581047066,-0.0013443070968856595,-0.0077281724010786895,-0.0032874284734661042,-0.003288179945090327,-0.0024671628816574074,-0.008938856255028613,0.007103864220562142,0.0016794586460185089,-0.005606415411631003,-0.0014520031586437085
op_setting_2,0.001226497583744655,1.0,0.005116601005887057,0.005185825326682118,0.004128481776636537,-0.0060290769387849035,-0.0024461166037062355,0.0006277412246394476,0.012310553254943951,0.002195226320546841,-0.0013330896568651198,-0.0014129516714612225,0.015843238058982745,0.0021080277707524265,0.0030783151610100294,-0.0010318866096123134,-0.0035635289826060935
sensor_2,-0.002097719135002257,0.005116601005887057,1.0,0.6405033656204493,0.745167423454956,0.3147986032040516,0.12416702846954325,0.5339145818676834,0.44128257702869045,0.7622691356777881,0.1417851046493411,0.5327448713086486,0.3439544398974852,0.23294683785220005,0.6700617244894199,-0.24628624331615878,-0.24131845241860367
sensor_3,-0.004153895494380536,0.005185825326682118,0.6405033656204493,1.0,0.7168902207319815,0.2694627457992844,0.282006670723524,0.6379256252053485,0.5350743903226437,0.7460932144288249,0.29894091732768857,0.6365134873004775,0.4542052496351693,0.07681982508229074,0.6772163188648657,-0.09185084514619876,-0.08903528499299758
sensor_4,0.0008107218070345269,0.004128481776636537,0.745167423454956,0.7168902207319815,1.0,0.31913892089535484,0.18197596217369413,0.601272494084958,0.509782313086684,0.8540296001015371,0.2021062788899988,0.6012540170634778,0.4046860053951144,0.21677293512337303,0.7499073880757093,-0.23501554354890708,-0.23013421934945186
sensor_6,-5.080547411924412e-05,-0.0060290769387849035,0.3147986032040516,0.2694627457992844,0.31913892089535484,1.0,-0.20869027703435064,0.24747973262253387,0.0651312943657587,0.30577705605626965,-0.20090594295226294,0.24709858751662148,0.008579110021667734,0.4856771658168896,0.28565819469134207,-0.34591192438449386,-0.3477393540376001
sensor_7,-0.0024983270581047066,-0.0024461166037062355,0.12416702846954325,0.282006670723524,0.18197596217369413,-0.20869027703435064,1.0,0.5965096275216366,0.5790038834828294,0.2707739112825157,0.9887245144507938,0.5971685740514174,0.6010128876195894,-0.8265735933477323,0.28579633198259685,0.802837618261276,0.8071375047156879
sensor_8,-0.0013443070968856595,0.0006277412246394476,0.5339145818676834,0.6379256252053485,0.601272494084958,0.24747973262253387,0.5965096275216366,1.0,0.578586673089969,0.6602090498271052,0.6082978988271284,0.964051890406086,0.5196237346493773,-0.23836828028432633,0.6626179330041336,0.2417256902286772,0.24454758522763753
sensor_9,-0.0077281724010786895,0.012310553254943951,0.44128257702869045,0.5350743903226437,0.509782313086684,0.0651312943657587,0.5790038834828294,0.578586673089969,1.0,0.5468394771047711,0.5908907729516534,0.5783247832931614,0.954353847868631,-0.28794118000984253,0.5591085893459206,0.2632998115146126,0.2717646061169131
sensor_11,-0.0032874284734661042,0.002195226320546841,0.7622691356777881,0.7460932144288249,0.8540296001015371,0.30577705605626965,0.2707739112825157,0.6602090498271052,0.5468394771047711,1.0,0.29066387759110823,0.659375105923176,0.4410495917684315,0.14407869938774098,0.7837219221433811,-0.16392887702816214,-0.15926415841243385
sensor_12,-0.003288179945090327,-0.0013330896568651198,0.1417851046493411,0.29894091732768857,0.2021062788899988,-0.20090594295226294,0.9887245144507938,0.6082978988271284,0.5908907729516534,0.29066387759110823,1.0,0.6087141786564046,0.6103831585847371,-0.8197111131950373,0.3037576966675517,0.7947812732433622,0.800166301149658
sensor_13,-0.0024671628816574074,-0.0014129516714612225,0.5327448713086486,0.6365134873004775,0.6012540170634778,0.24709858751662148,0.5971685740514174,0.964051890406086,0.5783247832931614,0.659375105923176,0.6087141786564046,1.0,0.519053967545386,-0.23886324304579654,0.6631260585915978,0.24319316678839406,0.24532578809014483
sensor_14,-0.008938856255028613,0.015843238058982745,0.3439544398974852,0.4542052496351693,0.4046860053951144,0.008579110021667734,0.6010128876195894,0.5196237346493773,0.954353847868631,0.4410495917684315,0.6103831585847371,0.519053967545386,1.0,-0.3570949596413619,0.47126391160356396,0.3326286668919326,0.33997861008891156
sensor_15,0.007103864220562142,0.0021080277707524265,0.23294683785220005,0.07681982508229074,0.21677293512337303,0.4856771658168896,-0.8265735933477323,-0.23836828028432633,-0.28794118000984253,0.14407869938774098,-0.8197111131950373,-0.23886324304579654,-0.3570949596413619,1.0,0.09112548689733405,-0.8498806317674227,-0.8523494480117542
sensor_17,0.0016794586460185089,0.0030783151610100294,0.6700617244894199,0.6772163188648657,0.7499073880757093,0.28565819469134207,0.28579633198259685,0.6626179330041336,0.5591085893459206,0.7837219221433811,0.3037576966675517,0.6631260585915978,0.47126391160356396,0.09112548689733405,1.0,-0.10312327728460503,-0.10176484975935314
sensor_20,-0.005606415411631003,-0.0010318866096123134,-0.24628624331615878,-0.09185084514619876,-0.23501554354890708,-0.34591192438449386,0.802837618261276,0.2417256902286772,0.2632998115146126,-0.16392887702816214,0.7947812732433622,0.24319316678839406,0.3326286668919326,-0.8498806317674227,-0.10312327728460503,1.0,0.839319985015518
sensor_21,-0.0014520031586437085,-0.0035635289826060935,-0.24131845241860367,-0.08903528499299758,-0.23013421934945186,-0.3477393540376001,0.8071375047156879,0.24454758522763753,0.2717646061169131,-0.15926415841243385,0.800166301149658,0.24532578809014483,0.33997861008891156,-0.8523494480117542,-0.10176484975935314,0.839319985015518,1.0
