Actual_RUL,Predicted_RUL
125.0,116.36104
125.0,116.25928
125.0,114.93255
125.0,115.55669
125.0,115.60241
125.0,114.415985
125.0,112.64403
125.0,113.692764
125.0,116.149864
125.0,115.979164
125.0,116.11723
125.0,116.354294
125.0,116.33606
125.0,116.37092
125.0,116.4039
125.0,116.38667
125.0,116.42949
125.0,116.41636
125.0,116.42526
125.0,116.42047
125.0,116.424934
125.0,116.426636
125.0,116.423325
125.0,116.404594
125.0,116.38379
125.0,116.12323
125.0,115.87049
125.0,115.88115
125.0,116.24324
125.0,116.19502
125.0,116.22556
125.0,116.18512
125.0,116.27213
125.0,116.37778
125.0,116.41383
125.0,116.42053
125.0,115.49883
125.0,116.390656
125.0,116.38224
125.0,116.31114
125.0,116.41552
125.0,116.329056
125.0,116.40823
125.0,116.375916
125.0,116.36689
125.0,116.30989
125.0,116.33193
125.0,116.34952
125.0,116.24634
125.0,116.346954
125.0,116.30148
125.0,116.42719
125.0,116.414215
125.0,116.146484
125.0,116.352615
125.0,116.36357
125.0,116.41365
125.0,116.40347
125.0,116.388054
125.0,116.42244
125.0,116.35768
125.0,116.047165
125.0,116.39052
125.0,116.34807
125.0,116.4023
125.0,116.42669
125.0,116.353966
125.0,116.27225
125.0,116.416145
125.0,116.376915
125.0,116.1658
125.0,115.75498
125.0,115.878204
125.0,115.99867
125.0,115.813515
125.0,115.66922
125.0,116.09097
125.0,116.11068
125.0,115.85103
125.0,114.96453
125.0,115.47861
125.0,115.66995
125.0,114.83737
125.0,115.0482
125.0,115.315186
125.0,115.60837
125.0,115.8194
125.0,112.78424
125.0,111.449265
125.0,101.47887
125.0,106.01772
125.0,87.12086
125.0,87.01169
125.0,86.80127
125.0,94.10687
125.0,108.845764
125.0,102.953735
125.0,93.69546
125.0,104.93007
125.0,115.03711
125.0,113.30334
125.0,112.93474
125.0,105.10269
125.0,97.8527
125.0,90.826584
125.0,92.04242
125.0,106.591194
125.0,114.92792
125.0,115.806564
125.0,115.35588
125.0,113.99289
125.0,114.98161
125.0,114.37308
125.0,114.51999
125.0,114.93418
125.0,113.07542
125.0,113.86575
125.0,114.961555
125.0,110.52597
125.0,100.974686
125.0,108.98014
125.0,83.47737
125.0,90.63344
125.0,94.67407
124.0,99.94443
123.0,100.43148
122.0,103.84976
121.0,96.19497
120.0,100.93522
119.0,105.03579
118.0,103.629074
117.0,109.30113
116.0,111.28725
115.0,115.354996
114.0,110.926834
113.0,112.07937
112.0,115.00046
111.0,114.411804
110.0,108.97236
109.0,102.890465
108.0,100.43269
107.0,109.01025
106.0,107.867065
105.0,111.19356
104.0,91.86075
103.0,76.10962
102.0,67.32254
101.0,78.589485
100.0,75.88515
99.0,68.67855
98.0,61.70335
97.0,51.257603
96.0,54.25712
95.0,51.054188
94.0,52.827568
93.0,55.70745
92.0,53.61018
91.0,53.653748
90.0,51.554928
89.0,50.001415
88.0,56.930756
87.0,57.646885
86.0,59.223152
85.0,66.14604
84.0,65.18329
83.0,64.29069
82.0,70.386536
81.0,73.72351
80.0,68.17792
79.0,75.67852
78.0,83.742744
77.0,91.57588
76.0,91.725845
75.0,86.55366
74.0,75.75554
73.0,70.740135
72.0,69.521805
71.0,69.41945
70.0,69.112404
69.0,64.01178
68.0,62.708717
67.0,57.29944
66.0,57.51411
65.0,61.35485
64.0,63.632214
63.0,56.727795
62.0,54.264687
61.0,53.118385
60.0,57.880596
59.0,60.7091
58.0,60.416607
57.0,58.044556
56.0,49.434254
55.0,46.666946
54.0,43.663322
53.0,47.347027
52.0,45.617813
51.0,45.890186
50.0,42.74234
49.0,45.381588
48.0,44.380314
47.0,50.212288
46.0,52.01497
45.0,51.206585
44.0,52.364216
43.0,48.548244
42.0,46.580677
41.0,43.603565
40.0,40.440533
39.0,36.817104
38.0,38.009964
37.0,36.578697
36.0,33.326534
35.0,31.002323
34.0,33.854736
33.0,30.220747
32.0,27.597784
31.0,24.651947
30.0,21.930305
29.0,23.754345
28.0,20.373903
27.0,21.335169
26.0,18.804562
25.0,20.652538
24.0,17.475004
23.0,18.911774
22.0,19.455902
21.0,18.410656
20.0,17.40803
19.0,17.201982
18.0,15.441981
17.0,15.464711
16.0,12.868977
15.0,10.5192375
14.0,8.676371
13.0,10.691876
12.0,7.813
11.0,8.24788
10.0,4.5683045
9.0,4.199799
8.0,4.2143474
7.0,6.852223
6.0,4.4724956
5.0,6.383887
4.0,6.0230384
3.0,5.0114884
2.0,5.1605496
1.0,3.4249196
0.0,2.5964217
125.0,115.086716
125.0,115.632355
125.0,116.08551
125.0,116.38541
125.0,116.397125
125.0,116.382256
125.0,116.2968
125.0,116.42229
125.0,116.40996
125.0,116.40551
125.0,116.38192
125.0,116.3678
125.0,116.39264
125.0,116.12761
125.0,116.36481
125.0,116.428474
125.0,116.41638
125.0,116.19999
125.0,115.66097
125.0,115.779945
125.0,112.682655
125.0,111.566345
125.0,109.15346
125.0,113.16844
124.0,109.69823
123.0,112.13435
122.0,113.82018
121.0,114.154755
120.0,114.93395
119.0,112.742905
118.0,108.69621
117.0,96.19061
116.0,98.880905
115.0,103.09902
114.0,86.24596
113.0,84.339005
112.0,87.44647
111.0,88.4028
110.0,86.86983
109.0,90.77538
108.0,90.39256
107.0,98.91426
106.0,102.78872
105.0,99.73566
104.0,110.3288
103.0,114.80636
102.0,115.569275
101.0,115.95213
100.0,115.99564
99.0,115.45274
98.0,115.10126
97.0,115.78357
96.0,115.99007
95.0,115.227806
94.0,115.96979
93.0,112.45693
92.0,115.25197
91.0,115.98624
90.0,116.16275
89.0,115.24954
88.0,115.97986
87.0,116.05709
86.0,114.96377
85.0,115.80585
84.0,104.58148
83.0,108.0188
82.0,107.83061
81.0,104.12984
80.0,99.84476
79.0,107.662964
78.0,113.37222
77.0,112.56799
76.0,115.27586
75.0,113.6672
74.0,113.49991
73.0,115.57737
72.0,115.28099
71.0,115.49994
70.0,114.71947
69.0,114.612976
68.0,108.862206
67.0,100.528564
66.0,100.53142
65.0,79.02235
64.0,86.87874
63.0,69.98364
62.0,66.92699
61.0,72.2696
60.0,71.20826
59.0,66.65709
58.0,62.15624
57.0,54.829876
56.0,59.937946
55.0,70.174866
54.0,72.45803
53.0,67.17054
52.0,64.184135
51.0,60.59921
50.0,69.616714
49.0,64.27649
48.0,58.174366
47.0,64.63603
46.0,48.129787
45.0,58.16536
44.0,56.565434
43.0,56.212013
42.0,53.826748
41.0,56.53597
40.0,53.460083
39.0,54.411762
38.0,62.218395
37.0,52.238934
36.0,56.13721
35.0,50.91824
34.0,42.87247
33.0,39.760212
32.0,28.679943
31.0,30.261665
30.0,32.844933
29.0,29.55738
28.0,30.613932
27.0,29.523022
26.0,28.13839
25.0,29.156246
24.0,28.540785
23.0,26.818333
22.0,26.841145
21.0,23.97194
20.0,20.23614
19.0,16.848604
18.0,16.17019
17.0,15.688157
16.0,14.27564
15.0,14.32809
14.0,13.876145
13.0,12.676024
12.0,12.162165
11.0,10.926932
10.0,11.423199
9.0,9.837283
8.0,9.771766
7.0,9.976583
6.0,7.661677
5.0,8.736988
4.0,6.597017
3.0,5.2835927
2.0,7.0385985
1.0,4.6330123
0.0,4.090429
125.0,107.64596
125.0,115.59999
125.0,116.06704
125.0,115.45976
125.0,114.81586
125.0,116.05533
125.0,116.31833
125.0,116.39546
125.0,116.39771
125.0,116.39479
125.0,116.38182
125.0,116.41783
125.0,116.31247
125.0,116.40273
125.0,116.181625
125.0,116.39537
125.0,116.38032
125.0,116.38399
125.0,116.176926
125.0,116.16204
125.0,113.23554
125.0,111.44564
125.0,96.27553
125.0,108.61528
125.0,109.4281
125.0,111.4425
125.0,114.00274
125.0,114.13528
125.0,113.40238
125.0,108.88686
125.0,104.05504
125.0,114.35075
125.0,114.09401
125.0,115.536
125.0,116.19914
125.0,116.3026
125.0,116.391914
125.0,116.2944
125.0,116.264725
125.0,116.35019
125.0,116.3484
125.0,116.41263
125.0,116.42061
125.0,116.43114
125.0,116.30355
125.0,116.40468
125.0,116.22569
125.0,115.62948
125.0,112.47745
125.0,106.91914
125.0,113.05494
125.0,115.809845
125.0,116.03938
125.0,116.004585
125.0,116.2601
125.0,116.298096
125.0,116.295845
125.0,116.35042
125.0,116.39061
124.0,116.21332
123.0,116.38185
122.0,116.12674
121.0,115.98685
120.0,116.04053
119.0,115.153725
118.0,114.752846
117.0,115.16637
116.0,116.00576
115.0,94.706696
114.0,90.60732
113.0,93.030685
112.0,91.87685
111.0,92.513214
110.0,92.18262
109.0,92.80676
108.0,88.75606
107.0,82.086044
106.0,81.61141
105.0,82.615234
104.0,82.47159
103.0,79.14549
102.0,84.553986
101.0,81.319534
100.0,77.5862
99.0,78.728134
98.0,82.507965
97.0,81.62219
96.0,72.588615
95.0,72.012665
94.0,76.61844
93.0,79.96965
92.0,77.43713
91.0,74.198944
90.0,72.01628
89.0,72.0704
88.0,78.3532
87.0,79.26558
86.0,77.0159
85.0,73.68797
84.0,67.32084
83.0,71.55474
82.0,73.9523
81.0,78.86029
80.0,82.62315
79.0,81.49599
78.0,74.7793
77.0,71.20226
76.0,68.73242
75.0,68.37041
74.0,68.809166
73.0,62.462635
72.0,63.679012
71.0,58.675552
70.0,60.823692
69.0,62.29626
68.0,65.33818
67.0,62.1629
66.0,56.295696
65.0,57.34946
64.0,60.194786
63.0,58.706806
62.0,54.982426
61.0,53.530125
60.0,51.61401
59.0,53.63679
58.0,53.4661
57.0,51.969822
56.0,51.09486
55.0,47.12263
54.0,46.041912
53.0,47.71812
52.0,47.27824
51.0,49.09384
50.0,47.185658
49.0,50.396996
48.0,48.16683
47.0,47.075825
46.0,46.166317
45.0,44.445133
44.0,44.593845
43.0,42.313637
42.0,39.778217
41.0,37.745483
40.0,36.55384
39.0,35.626377
38.0,35.948097
37.0,34.551296
36.0,34.545547
35.0,30.99932
34.0,29.82734
33.0,30.741714
32.0,28.936594
31.0,28.469341
30.0,26.965797
29.0,24.122803
28.0,24.97623
27.0,22.531916
26.0,20.48335
25.0,20.388136
24.0,19.556347
23.0,18.382236
22.0,18.898874
21.0,19.75431
20.0,18.407337
19.0,17.946114
18.0,15.529065
17.0,15.450108
16.0,13.943782
15.0,14.124443
14.0,14.170967
13.0,14.336171
12.0,13.172862
11.0,14.223435
10.0,12.574074
9.0,10.399083
8.0,10.945064
7.0,9.658788
6.0,10.128484
5.0,6.9269233
4.0,5.889788
3.0,5.2930236
2.0,4.1116996
1.0,1.9162573
0.0,1.9763016
125.0,116.226776
125.0,116.2702
125.0,116.392586
125.0,116.38564
125.0,116.40516
125.0,116.41233
125.0,116.414696
125.0,116.41604
125.0,116.41324
125.0,116.40354
125.0,116.41412
125.0,116.41435
125.0,116.333405
125.0,116.27776
125.0,116.38611
125.0,116.22474
125.0,116.28929
125.0,116.11337
125.0,116.03375
125.0,116.06636
125.0,115.97177
125.0,116.010506
125.0,116.29683
125.0,116.35978
125.0,116.35731
125.0,116.37411
125.0,116.37715
125.0,116.357925
125.0,116.32971
125.0,116.22222
125.0,116.31198
125.0,116.1402
125.0,116.287926
125.0,116.3059
125.0,116.38726
125.0,116.39401
125.0,116.38827
125.0,116.36723
125.0,116.39117
125.0,116.35846
125.0,116.35202
125.0,116.32579
125.0,115.77507
125.0,115.26847
125.0,113.65567
125.0,114.15542
125.0,115.76163
125.0,114.392586
125.0,115.476265
125.0,115.92369
125.0,115.991196
125.0,116.056335
125.0,116.1676
125.0,116.32764
125.0,116.30966
125.0,116.338745
125.0,116.3721
125.0,116.303085
125.0,116.35859
125.0,116.358154
125.0,116.32535
125.0,116.16225
125.0,116.36293
124.0,116.27849
123.0,116.2934
122.0,116.186874
121.0,116.146736
120.0,116.24252
119.0,116.24804
118.0,116.132996
117.0,115.40032
116.0,114.49268
115.0,114.38922
114.0,113.98705
113.0,113.39021
112.0,116.047005
111.0,116.10802
110.0,116.21997
109.0,114.91989
108.0,111.372444
107.0,109.86832
106.0,113.26322
105.0,114.43573
104.0,113.67471
103.0,114.09385
102.0,114.13482
101.0,115.76103
100.0,115.39179
99.0,115.170715
98.0,116.13951
97.0,115.676834
96.0,116.18046
95.0,116.116875
94.0,115.73228
93.0,115.30866
92.0,112.12982
91.0,110.71447
90.0,108.16933
89.0,105.96239
88.0,108.66166
87.0,94.61589
86.0,87.12488
85.0,102.38797
84.0,89.785
83.0,91.65692
82.0,92.84195
81.0,82.12625
80.0,81.219086
79.0,99.38513
78.0,109.46417
77.0,106.028824
76.0,111.92079
75.0,113.00924
74.0,113.15213
73.0,113.504074
72.0,114.92732
71.0,114.03163
70.0,114.78018
69.0,114.64824
68.0,114.57517
67.0,115.63478
66.0,114.60537
65.0,115.451096
64.0,107.02289
63.0,71.627106
62.0,56.615063
61.0,57.747593
60.0,66.35462
59.0,67.983795
58.0,60.030533
57.0,54.3968
56.0,53.52813
55.0,48.071312
54.0,48.66883
53.0,48.842266
52.0,43.595097
51.0,42.493786
50.0,40.648056
49.0,41.35098
48.0,44.12769
47.0,40.53507
46.0,40.960545
45.0,36.32259
44.0,34.174057
43.0,36.88746
42.0,34.98052
41.0,36.64728
40.0,35.859756
39.0,32.06263
38.0,31.106466
37.0,33.730682
36.0,32.99701
35.0,34.62054
34.0,28.974218
33.0,26.632612
32.0,24.50404
31.0,26.817158
30.0,22.580065
29.0,22.255821
28.0,20.421757
27.0,22.5843
26.0,20.059513
25.0,21.329735
24.0,23.893518
23.0,24.339718
22.0,26.39667
21.0,23.251474
20.0,20.95733
19.0,18.740152
18.0,15.435989
17.0,16.582478
16.0,17.486607
15.0,13.566756
14.0,10.927487
13.0,12.508866
12.0,12.832618
11.0,11.591365
10.0,9.9989605
9.0,10.142304
8.0,12.832648
7.0,11.637186
6.0,11.683675
5.0,11.266612
4.0,9.337729
3.0,10.7873335
2.0,9.0111685
1.0,8.702826
0.0,6.8360825
124.0,116.39119
123.0,116.397644
122.0,116.38309
121.0,116.38982
120.0,116.390945
119.0,116.3915
118.0,116.39819
117.0,116.401276
116.0,116.40033
115.0,116.41329
114.0,116.410675
113.0,116.41253
112.0,116.408325
111.0,116.417
110.0,116.426926
109.0,116.42496
108.0,116.43016
107.0,116.427444
106.0,116.41941
105.0,116.42403
104.0,116.41223
103.0,116.42262
102.0,116.40849
101.0,116.410126
100.0,116.40671
99.0,116.38287
98.0,116.34609
97.0,116.389175
96.0,116.34492
95.0,116.33261
94.0,116.19943
93.0,116.160675
92.0,115.84539
91.0,115.6622
90.0,114.84573
89.0,111.743774
88.0,103.380295
87.0,95.46939
86.0,89.50232
85.0,86.75375
84.0,85.91895
83.0,80.18125
82.0,81.41999
81.0,79.53822
80.0,80.270065
79.0,79.7964
78.0,80.787704
77.0,78.545395
76.0,77.634
75.0,80.346085
74.0,83.50841
73.0,82.85663
72.0,82.16886
71.0,79.751495
70.0,78.985374
69.0,78.68532
68.0,82.945816
67.0,77.77709
66.0,78.81557
65.0,75.499374
64.0,80.05939
63.0,82.66264
62.0,81.306564
61.0,79.71366
60.0,78.238716
59.0,81.15823
58.0,68.21405
57.0,65.12222
56.0,65.433334
55.0,70.09002
54.0,70.71051
53.0,70.21528
52.0,66.425674
51.0,62.8466
50.0,61.32033
49.0,62.243496
48.0,56.738728
47.0,55.48587
46.0,57.057743
45.0,57.1217
44.0,50.750813
43.0,54.532406
42.0,47.713432
41.0,51.66852
40.0,46.17541
39.0,47.124554
38.0,46.982857
37.0,46.37682
36.0,47.992878
35.0,44.196865
34.0,43.149555
33.0,44.56818
32.0,43.41234
31.0,44.189903
30.0,37.945248
29.0,34.8971
28.0,34.413967
27.0,37.132416
26.0,32.65509
25.0,31.727875
24.0,30.941782
23.0,30.448938
22.0,28.455324
21.0,26.534433
20.0,22.600504
19.0,21.696705
18.0,19.801687
17.0,18.390476
16.0,18.770184
15.0,14.830176
14.0,17.668238
13.0,13.57833
12.0,12.194831
11.0,10.248816
10.0,10.83949
9.0,10.631011
8.0,9.896226
7.0,8.726461
6.0,9.105446
5.0,8.371448
4.0,7.867348
3.0,7.5655923
2.0,6.9344277
1.0,6.7658706
0.0,4.516085
105.0,113.96926
104.0,115.30817
103.0,113.60602
102.0,110.63921
101.0,112.2104
100.0,113.18182
99.0,114.40835
98.0,114.282074
97.0,115.04295
96.0,105.45273
95.0,104.969376
94.0,106.312164
93.0,100.436905
92.0,94.19042
91.0,90.43149
90.0,89.587234
89.0,96.00457
88.0,97.94784
87.0,108.62549
86.0,110.437225
85.0,111.365814
84.0,112.483215
83.0,105.713684
82.0,105.95419
81.0,90.386765
80.0,92.171616
79.0,70.21781
78.0,70.70705
77.0,93.56622
76.0,91.79736
75.0,90.20759
74.0,90.57745
73.0,87.621994
72.0,82.51891
71.0,87.29462
70.0,89.54037
69.0,88.55951
68.0,84.85513
67.0,84.83826
66.0,81.84622
65.0,76.809265
64.0,77.13152
63.0,76.559204
62.0,76.99494
61.0,73.695145
60.0,67.19382
59.0,65.79772
58.0,66.38957
57.0,59.524616
56.0,55.52152
55.0,50.20163
54.0,54.623066
53.0,52.67541
52.0,51.60522
51.0,47.143642
50.0,42.684925
49.0,39.948093
48.0,38.191612
47.0,37.86453
46.0,35.194897
45.0,41.601257
44.0,43.787643
43.0,45.07481
42.0,45.195324
41.0,41.936234
40.0,42.869057
39.0,43.08371
38.0,40.94887
37.0,39.49767
36.0,35.567287
35.0,34.350388
34.0,34.06181
33.0,33.702904
32.0,35.536793
31.0,36.370674
30.0,35.802593
29.0,34.16067
28.0,33.76393
27.0,33.395763
26.0,30.901796
25.0,30.259237
24.0,30.024235
23.0,26.42603
22.0,25.077003
21.0,23.49647
20.0,24.046825
19.0,23.52886
18.0,25.296951
17.0,23.14273
16.0,17.303057
15.0,19.74702
14.0,19.859215
13.0,16.858229
12.0,15.506872
11.0,12.662242
10.0,13.418439
9.0,10.447932
8.0,8.601202
7.0,7.5198617
6.0,7.097072
5.0,6.999946
4.0,6.7921977
3.0,5.313771
2.0,4.517572
1.0,3.6124072
0.0,2.5692048
125.0,116.36661
125.0,116.29637
125.0,115.94543
125.0,116.18547
125.0,116.22717
125.0,116.323746
125.0,116.33188
125.0,116.34102
125.0,116.21975
125.0,116.3092
125.0,116.23695
125.0,116.166534
125.0,115.93565
125.0,114.195114
125.0,115.53384
125.0,109.80033
125.0,108.49378
125.0,98.8325
125.0,93.8246
125.0,89.52852
125.0,95.01016
125.0,99.51929
125.0,82.950165
125.0,80.77064
125.0,82.41261
125.0,82.58932
125.0,84.279625
125.0,83.85956
125.0,88.085144
125.0,92.93578
125.0,103.270515
125.0,105.27317
125.0,108.039185
125.0,114.0345
125.0,115.60053
125.0,115.801605
125.0,116.33503
125.0,116.22488
125.0,116.29677
125.0,116.3049
125.0,116.304596
125.0,116.394135
125.0,116.39978
125.0,116.38692
125.0,116.383865
125.0,116.392746
125.0,116.40381
125.0,116.39494
125.0,116.398285
125.0,116.38299
125.0,116.411514
125.0,116.408226
125.0,116.40105
125.0,116.38786
125.0,116.39807
125.0,116.3994
125.0,116.414375
125.0,116.41395
125.0,116.40665
125.0,116.407135
125.0,116.384125
125.0,116.3031
125.0,116.230774
125.0,115.73842
125.0,112.71869
125.0,111.229996
125.0,109.50604
125.0,108.15631
125.0,112.954254
125.0,114.10232
125.0,111.72987
125.0,113.7603
125.0,113.85181
125.0,111.88811
125.0,96.0406
125.0,111.18925
125.0,105.69971
125.0,100.20839
125.0,110.92535
125.0,105.00232
125.0,100.87735
125.0,97.5844
125.0,102.9124
125.0,100.276825
125.0,102.47601
125.0,105.862274
125.0,104.951294
125.0,110.05617
125.0,106.020584
125.0,107.00992
125.0,102.131676
125.0,103.66983
125.0,105.46519
125.0,111.984276
125.0,114.74606
125.0,115.66417
125.0,116.07988
125.0,116.14137
125.0,116.347984
125.0,116.3827
125.0,116.397156
125.0,116.40879
125.0,116.41097
125.0,116.36367
125.0,116.36333
125.0,116.36948
125.0,116.39687
125.0,116.389786
125.0,116.417786
125.0,116.41726
125.0,116.405106
125.0,116.42044
125.0,116.42131
125.0,116.40296
125.0,116.40358
125.0,116.36662
125.0,116.376434
125.0,116.27836
125.0,116.08728
125.0,116.23149
125.0,116.31503
125.0,115.996155
125.0,116.39237
125.0,116.24037
125.0,116.05806
125.0,115.91669
125.0,116.280914
125.0,116.08605
125.0,116.254875
125.0,116.23949
125.0,115.98814
125.0,115.90666
125.0,116.26752
125.0,116.19206
125.0,115.95656
125.0,115.70707
125.0,116.08567
125.0,115.438095
125.0,116.342804
125.0,116.32473
125.0,116.427505
125.0,116.42598
125.0,116.417336
125.0,116.42494
125.0,116.428345
125.0,116.40729
125.0,116.428085
125.0,116.4259
125.0,116.29909
125.0,116.04674
125.0,115.96791
125.0,115.38606
125.0,115.46945
125.0,113.64787
125.0,113.26962
125.0,114.12616
125.0,115.612915
125.0,116.27606
125.0,116.26134
125.0,116.30422
125.0,116.08501
125.0,116.06131
125.0,116.124176
125.0,110.27989
125.0,104.79962
125.0,102.40297
125.0,83.65422
125.0,73.02611
125.0,72.39429
125.0,72.84206
125.0,75.608826
125.0,75.75595
125.0,77.3833
125.0,75.201996
125.0,80.72496
125.0,78.850624
125.0,76.56225
125.0,79.88083
125.0,79.96321
125.0,84.50726
125.0,89.54488
125.0,93.040695
125.0,98.237785
125.0,95.96246
125.0,91.93907
125.0,90.51187
125.0,99.17224
124.0,93.757675
123.0,85.218025
122.0,80.26665
121.0,85.135025
120.0,90.86447
119.0,113.564995
118.0,107.20398
117.0,105.97104
116.0,83.67064
115.0,78.28485
114.0,75.944305
113.0,71.27065
112.0,65.275475
111.0,72.84575
110.0,79.09601
109.0,85.07289
108.0,76.40007
107.0,71.51077
106.0,68.18936
105.0,60.061497
104.0,55.560276
103.0,54.02155
102.0,58.08341
101.0,69.2822
100.0,74.28694
99.0,72.34923
98.0,72.39107
97.0,73.8059
96.0,68.3699
95.0,62.988667
94.0,58.943394
93.0,61.051197
92.0,67.76488
91.0,69.10652
90.0,64.891426
89.0,66.91536
88.0,67.61888
87.0,63.183857
86.0,58.75359
85.0,59.001648
84.0,65.30393
83.0,64.27691
82.0,56.044804
81.0,56.492725
80.0,57.704876
79.0,59.75754
78.0,61.466164
77.0,61.00392
76.0,57.961582
75.0,51.33279
74.0,47.81589
73.0,43.750927
72.0,42.948227
71.0,47.051777
70.0,45.42824
69.0,44.61661
68.0,46.58669
67.0,44.857677
66.0,41.9758
65.0,41.471577
64.0,33.998466
63.0,33.105953
62.0,37.103065
61.0,34.45288
60.0,35.698902
59.0,38.9303
58.0,38.64857
57.0,38.661366
56.0,36.53311
55.0,36.79934
54.0,36.923367
53.0,32.671844
52.0,34.003338
51.0,29.323689
50.0,31.324812
49.0,32.837025
48.0,32.07256
47.0,33.362247
46.0,35.64918
45.0,34.058895
44.0,30.457262
43.0,33.0735
42.0,31.36179
41.0,30.968414
40.0,30.902115
39.0,29.66186
38.0,30.746164
37.0,30.596394
36.0,28.993286
35.0,29.964613
34.0,26.157608
33.0,25.380018
32.0,22.984945
31.0,20.737411
30.0,19.47608
29.0,19.7748
28.0,19.484661
27.0,20.582615
26.0,22.319038
25.0,20.106289
24.0,19.093063
23.0,16.704632
22.0,14.946014
21.0,13.66742
20.0,11.392022
19.0,11.779546
18.0,9.814213
17.0,9.326119
16.0,10.624284
15.0,10.432018
14.0,9.959255
13.0,8.690065
12.0,8.3367605
11.0,7.582369
10.0,8.8251095
9.0,4.9677434
8.0,5.5898643
7.0,5.1281495
6.0,4.7332807
5.0,3.2239537
4.0,2.641168
3.0,2.70217
2.0,1.2144712
1.0,1.6294779
0.0,-0.5864006
125.0,116.30432
124.0,116.29138
123.0,116.24257
122.0,116.29112
121.0,116.29541
120.0,116.33626
119.0,116.335556
118.0,116.33591
117.0,116.29509
116.0,116.36297
115.0,116.35863
114.0,116.38141
113.0,116.37424
112.0,116.4039
111.0,116.40771
110.0,116.412
109.0,116.41428
108.0,116.40665
107.0,116.40614
106.0,116.38811
105.0,116.351715
104.0,116.32437
103.0,116.08809
102.0,115.774536
101.0,115.97315
100.0,114.43268
99.0,115.716415
98.0,115.966995
97.0,115.08828
96.0,115.44472
95.0,115.62638
94.0,116.117516
93.0,116.28134
92.0,116.32654
91.0,116.33107
90.0,116.339935
89.0,116.34863
88.0,116.38727
87.0,116.25522
86.0,116.256424
85.0,116.06236
84.0,115.73008
83.0,116.126526
82.0,111.765724
81.0,98.82603
80.0,89.49397
79.0,79.61412
78.0,74.22746
77.0,79.00546
76.0,77.444626
75.0,75.98981
74.0,75.17188
73.0,69.37367
72.0,63.639736
71.0,60.63781
70.0,63.42314
69.0,62.633514
68.0,56.96029
67.0,58.06928
66.0,62.41258
65.0,64.595535
64.0,66.33322
63.0,65.996
62.0,66.83179
61.0,65.81358
60.0,71.653915
59.0,74.35107
58.0,83.27352
57.0,86.59056
56.0,92.084946
55.0,98.96425
54.0,102.09706
53.0,96.99245
52.0,107.4339
51.0,106.714905
50.0,108.05864
49.0,109.58682
48.0,95.254684
47.0,110.60484
46.0,100.759155
45.0,99.86914
44.0,112.0009
43.0,85.278595
42.0,67.590675
41.0,53.86897
40.0,48.29696
39.0,47.08022
38.0,47.583458
37.0,41.20975
36.0,40.092327
35.0,40.261982
34.0,38.976055
33.0,38.023502
32.0,37.318645
31.0,35.02364
30.0,30.109797
29.0,30.73849
28.0,33.612045
27.0,32.53234
26.0,33.635365
25.0,33.692715
24.0,32.257114
23.0,28.660496
22.0,26.696728
21.0,25.839336
20.0,23.079151
19.0,22.604582
18.0,20.486778
17.0,17.789839
16.0,17.295969
15.0,15.502052
14.0,13.684844
13.0,15.099786
12.0,14.671912
11.0,14.080652
10.0,13.097684
9.0,13.2214985
8.0,11.821227
7.0,11.062723
6.0,7.628333
5.0,6.8505797
4.0,5.9032073
3.0,5.8063006
2.0,5.9278398
1.0,4.3945003
0.0,4.202373
125.0,113.976
125.0,115.74402
125.0,116.22274
125.0,116.15457
125.0,115.65396
125.0,116.04201
125.0,115.37378
125.0,115.73505
125.0,115.762184
125.0,115.04808
125.0,116.22362
125.0,116.22753
125.0,116.19986
125.0,116.01431
125.0,115.72163
125.0,115.45715
125.0,114.95006
125.0,116.12599
125.0,115.91676
125.0,115.15344
125.0,115.26137
125.0,115.26097
125.0,115.196915
125.0,114.85687
125.0,116.08711
125.0,116.30474
125.0,116.02338
125.0,114.67169
125.0,116.02556
125.0,116.21817
125.0,116.216934
125.0,115.73363
125.0,116.057526
125.0,116.32764
125.0,115.87195
125.0,115.10892
125.0,113.140335
125.0,115.1026
125.0,115.1602
125.0,115.97785
125.0,112.79762
125.0,115.56859
125.0,116.06474
125.0,116.21821
125.0,116.13902
125.0,116.07588
125.0,115.71999
125.0,116.27182
125.0,116.12645
125.0,115.61983
125.0,116.068726
125.0,115.25514
125.0,115.83836
125.0,115.97232
125.0,115.32767
125.0,114.40694
125.0,114.27989
125.0,113.484566
125.0,115.97751
125.0,116.04486
125.0,116.27492
125.0,113.84999
125.0,113.40413
125.0,113.376015
125.0,116.07785
125.0,116.06349
125.0,115.67964
125.0,114.416046
125.0,112.20317
125.0,115.557106
125.0,113.73052
125.0,109.032234
125.0,107.99487
125.0,111.58184
125.0,111.01317
125.0,113.07288
125.0,109.6055
125.0,114.14412
125.0,114.211395
125.0,111.04908
125.0,112.15579
125.0,111.97534
125.0,114.48171
125.0,112.89755
125.0,113.64502
125.0,113.60082
125.0,112.29078
125.0,112.713936
125.0,114.61976
125.0,114.283875
125.0,115.879524
125.0,114.815765
125.0,111.06775
125.0,113.69325
125.0,108.908806
125.0,113.18439
125.0,112.36103
125.0,113.3017
125.0,114.82944
125.0,113.68707
125.0,114.54107
125.0,115.58003
125.0,114.90354
125.0,114.08229
124.0,115.2177
123.0,114.75179
122.0,114.86842
121.0,113.428856
120.0,112.45326
119.0,104.80368
118.0,72.22566
117.0,82.77321
116.0,79.01079
115.0,86.682556
114.0,98.13776
113.0,108.84798
112.0,112.44479
111.0,111.95178
110.0,113.96799
109.0,112.072716
108.0,114.8263
107.0,114.38735
106.0,114.272514
105.0,111.72034
104.0,104.49156
103.0,103.56397
102.0,95.011566
101.0,89.484665
100.0,90.36712
99.0,84.88694
98.0,77.87559
97.0,84.460144
96.0,88.72995
95.0,73.232925
94.0,94.75343
93.0,85.30612
92.0,73.96577
91.0,74.686356
90.0,61.909157
89.0,71.3898
88.0,75.20236
87.0,80.89427
86.0,85.2738
85.0,85.3907
84.0,73.464264
83.0,61.941547
82.0,63.691536
81.0,65.51631
80.0,64.622025
79.0,71.907715
78.0,75.4745
77.0,69.89735
76.0,73.43023
75.0,64.48478
74.0,71.69179
73.0,76.35859
72.0,80.064606
71.0,80.18995
70.0,68.74992
69.0,62.467213
68.0,59.99875
67.0,55.287807
66.0,53.796547
65.0,54.132496
64.0,49.14539
63.0,47.354454
62.0,45.188602
61.0,44.8175
60.0,46.685566
59.0,46.76618
58.0,45.193176
57.0,43.67372
56.0,40.325665
55.0,37.848206
54.0,40.420715
53.0,40.8639
52.0,41.382153
51.0,42.738228
50.0,41.638927
49.0,47.98866
48.0,45.91159
47.0,40.437176
46.0,40.503654
45.0,37.829964
44.0,36.027866
43.0,35.839924
42.0,36.657402
41.0,34.675762
40.0,36.769794
39.0,33.90753
38.0,31.70478
37.0,33.983715
36.0,31.174082
35.0,26.982067
34.0,25.491447
33.0,25.710398
32.0,27.662836
31.0,28.437672
30.0,26.64227
29.0,23.754673
28.0,25.270245
27.0,25.852884
26.0,26.320715
25.0,21.45557
24.0,22.21557
23.0,20.444
22.0,17.881195
21.0,16.350668
20.0,14.709576
19.0,15.347175
18.0,13.5324955
17.0,14.186109
16.0,12.438632
15.0,12.188535
14.0,11.151445
13.0,10.588689
12.0,7.317138
11.0,5.0149007
10.0,7.4106727
9.0,7.7207465
8.0,5.3516603
7.0,5.0687537
6.0,5.952788
5.0,4.0431886
4.0,2.3403559
3.0,2.403676
2.0,1.6957358
1.0,-1.0981957
0.0,-0.3035537
125.0,116.39937
125.0,116.3999
125.0,116.397705
125.0,116.32852
125.0,116.37799
125.0,116.369156
125.0,116.37098
125.0,116.37685
125.0,116.38463
125.0,116.21485
125.0,116.34594
125.0,116.36702
125.0,116.37865
125.0,116.36145
125.0,116.323715
125.0,116.35034
125.0,116.3654
125.0,116.260086
125.0,116.38275
125.0,116.351776
125.0,116.39458
125.0,116.22461
125.0,116.3305
125.0,116.27913
125.0,116.31924
125.0,116.29504
125.0,116.287994
125.0,116.35582
125.0,116.39498
125.0,116.39021
125.0,116.396805
125.0,116.373764
125.0,116.3998
125.0,116.39023
125.0,116.05732
125.0,116.16446
125.0,116.35261
125.0,116.40278
125.0,116.405174
125.0,116.40869
125.0,116.18856
125.0,116.34639
125.0,116.39426
125.0,116.390274
125.0,116.382484
125.0,116.36127
125.0,116.35834
125.0,116.3374
125.0,116.32715
125.0,116.202866
125.0,116.20153
125.0,115.80826
125.0,115.901535
125.0,116.07288
125.0,116.10115
125.0,116.22525
125.0,116.26007
125.0,116.34494
125.0,116.29199
125.0,116.32986
125.0,116.35386
125.0,116.32025
125.0,116.09003
125.0,116.32434
125.0,116.34581
125.0,116.20354
125.0,116.22728
125.0,116.18982
125.0,116.1856
125.0,116.312584
125.0,116.24345
125.0,116.287926
125.0,116.30298
125.0,116.31254
125.0,116.299286
125.0,116.29355
125.0,116.26628
125.0,116.238
125.0,116.292114
125.0,116.37317
125.0,116.23056
125.0,116.26717
125.0,116.2681
125.0,116.28966
125.0,116.31028
125.0,116.21329
125.0,116.21805
125.0,116.33575
125.0,116.34128
125.0,116.329605
125.0,116.37288
125.0,116.108604
125.0,116.27832
125.0,116.362885
125.0,116.41336
125.0,116.390114
125.0,116.41624
125.0,116.39943
125.0,116.4045
125.0,116.30783
125.0,116.357925
125.0,116.179214
125.0,116.394966
125.0,116.35916
125.0,115.76247
125.0,116.190056
125.0,116.00133
125.0,116.076584
125.0,115.67862
125.0,103.14195
125.0,93.64052
125.0,102.842606
125.0,98.92755
125.0,99.78624
125.0,97.897
125.0,99.56535
125.0,101.00841
125.0,107.14865
125.0,113.529755
125.0,114.23999
125.0,115.18019
125.0,116.14618
125.0,116.33951
125.0,116.183876
125.0,116.382515
125.0,116.3424
125.0,115.03116
125.0,114.41408
125.0,115.36229
124.0,116.10687
123.0,116.18933
122.0,116.17425
121.0,116.263336
120.0,116.36205
119.0,110.86317
118.0,96.9427
117.0,97.4026
116.0,90.23451
115.0,81.53635
114.0,81.20213
113.0,83.131744
112.0,87.52965
111.0,87.600006
110.0,88.84828
109.0,87.92685
108.0,88.51669
107.0,94.38185
106.0,100.526276
105.0,99.237724
104.0,91.52698
103.0,88.83958
102.0,90.9987
101.0,91.19335
100.0,95.119156
99.0,97.17889
98.0,94.85773
97.0,86.51443
96.0,79.70064
95.0,73.17671
94.0,72.84254
93.0,64.365425
92.0,62.885513
91.0,68.49359
90.0,70.26849
89.0,69.92887
88.0,69.14988
87.0,71.7103
86.0,66.90178
85.0,61.930218
84.0,62.60351
83.0,66.551956
82.0,65.09031
81.0,61.17342
80.0,63.984978
79.0,64.6755
78.0,61.450253
77.0,64.02606
76.0,69.31848
75.0,70.97528
74.0,68.64727
73.0,67.20534
72.0,62.971565
71.0,60.50723
70.0,59.060024
69.0,65.25421
68.0,58.297153
67.0,58.56593
66.0,60.826267
65.0,55.476017
64.0,54.682713
63.0,53.524353
62.0,52.925163
61.0,51.278797
60.0,49.885723
59.0,50.216984
58.0,50.744904
57.0,52.704403
56.0,52.84134
55.0,50.569386
54.0,52.438812
53.0,51.33109
52.0,49.68503
51.0,44.524754
50.0,45.25685
49.0,46.673122
48.0,43.636658
47.0,41.542164
46.0,40.34177
45.0,41.325253
44.0,39.402103
43.0,39.486164
42.0,39.17777
41.0,37.71678
40.0,32.555805
39.0,36.53651
38.0,34.682507
37.0,35.46598
36.0,34.510815
35.0,35.1326
34.0,35.67511
33.0,33.58988
32.0,35.82018
31.0,34.059353
30.0,31.95259
29.0,27.968975
28.0,28.206676
27.0,27.31343
26.0,27.39649
25.0,26.099247
24.0,26.996826
23.0,25.649086
22.0,24.536383
21.0,23.254381
20.0,22.933321
19.0,21.687225
18.0,20.62739
17.0,18.938353
16.0,15.769486
15.0,17.151869
14.0,16.15559
13.0,12.400354
12.0,11.061351
11.0,9.548888
10.0,10.240638
9.0,10.561628
8.0,9.7418585
7.0,8.850545
6.0,8.676787
5.0,4.853682
4.0,4.845377
3.0,2.184997
2.0,4.6136365
1.0,4.596914
0.0,3.504797
125.0,116.10696
125.0,116.1326
125.0,112.66756
125.0,113.72432
125.0,115.9684
125.0,116.08365
125.0,116.253235
125.0,116.372025
125.0,116.31204
125.0,116.04116
125.0,116.237404
125.0,114.017746
125.0,114.999374
125.0,115.55258
125.0,112.73248
125.0,114.242615
125.0,116.187126
125.0,116.08467
125.0,116.12286
125.0,116.28745
125.0,115.83498
125.0,115.35806
125.0,115.79877
125.0,115.67709
125.0,116.25671
125.0,116.23724
125.0,116.33894
125.0,116.204956
125.0,115.03551
125.0,114.21214
125.0,115.90705
125.0,112.20479
125.0,113.08626
125.0,112.21602
125.0,113.62161
125.0,116.17598
125.0,116.34636
125.0,116.360634
125.0,116.37972
125.0,116.39328
125.0,116.36542
125.0,116.4136
125.0,116.42295
125.0,116.41124
125.0,116.40841
125.0,116.41208
125.0,116.4144
125.0,116.42348
125.0,116.41915
125.0,116.41571
125.0,116.40654
125.0,116.35621
125.0,116.37436
125.0,116.36229
125.0,116.36418
125.0,116.36057
125.0,114.49285
125.0,116.278885
125.0,112.03944
125.0,108.31134
125.0,108.28569
125.0,110.90689
125.0,114.79071
125.0,113.18854
125.0,114.76312
125.0,115.85996
125.0,116.19844
125.0,116.252106
125.0,116.36488
125.0,116.31502
125.0,116.21687
125.0,116.32121
125.0,116.41093
125.0,116.37793
125.0,116.36772
125.0,116.28836
125.0,116.29645
125.0,116.278755
125.0,116.35339
125.0,116.38463
125.0,116.4088
125.0,116.381424
125.0,116.226585
125.0,113.38961
125.0,113.45915
125.0,102.8109
125.0,99.24466
125.0,94.22614
125.0,89.14143
125.0,85.71511
125.0,91.54969
125.0,88.56544
125.0,78.51546
125.0,81.91578
125.0,89.136444
125.0,88.74289
125.0,101.52498
125.0,105.56828
125.0,113.071945
125.0,115.18377
125.0,116.101135
125.0,116.34869
125.0,116.39134
125.0,116.38483
125.0,116.40929
125.0,116.40381
125.0,116.41034
125.0,116.41359
125.0,116.40901
125.0,116.40029
125.0,116.4023
125.0,116.41669
125.0,116.41728
125.0,116.4283
125.0,116.418625
125.0,116.420746
125.0,116.37895
125.0,115.019485
125.0,113.02815
125.0,92.829926
125.0,81.63754
125.0,77.82548
125.0,76.68021
125.0,79.89849
125.0,81.06299
125.0,83.77362
125.0,83.592316
125.0,83.262375
125.0,82.79105
125.0,84.539215
125.0,93.04682
125.0,97.595795
125.0,100.46987
125.0,102.63295
125.0,115.76665
125.0,115.58652
125.0,114.69383
125.0,115.83887
125.0,116.14251
125.0,116.39646
125.0,116.405945
125.0,116.36493
125.0,116.405136
125.0,116.40225
125.0,116.30317
125.0,116.36412
125.0,116.42823
125.0,116.36424
125.0,116.40989
125.0,116.36635
125.0,116.182724
125.0,115.14819
125.0,112.16038
125.0,112.66713
125.0,111.52163
125.0,110.67966
125.0,107.09578
125.0,108.20649
125.0,91.317085
125.0,84.903496
125.0,93.90899
125.0,93.3604
125.0,93.564285
125.0,92.70827
125.0,113.33765
125.0,115.94098
125.0,111.90286
125.0,98.29555
125.0,92.26091
125.0,81.40693
125.0,87.513565
125.0,84.72194
125.0,91.84624
125.0,91.31601
125.0,75.41375
125.0,73.74066
125.0,79.54744
125.0,74.721695
125.0,77.90431
125.0,81.737854
125.0,83.21304
125.0,82.33209
124.0,97.85399
123.0,109.40816
122.0,107.17909
121.0,106.47945
120.0,110.251945
119.0,105.21562
118.0,101.28639
117.0,97.86456
116.0,91.94014
115.0,98.06317
114.0,103.30641
113.0,103.609314
112.0,95.84631
111.0,100.52161
110.0,96.3439
109.0,109.333145
108.0,97.397995
107.0,95.1949
106.0,103.97119
105.0,98.98805
104.0,105.09372
103.0,71.16522
102.0,61.651535
101.0,59.34263
100.0,63.709988
99.0,64.373215
98.0,65.02973
97.0,71.49252
96.0,72.251144
95.0,72.08704
94.0,99.202896
93.0,76.288925
92.0,69.48601
91.0,61.987812
90.0,56.672268
89.0,52.238728
88.0,51.874
87.0,47.01382
86.0,46.222843
85.0,45.53572
84.0,52.94681
83.0,50.59564
82.0,55.387478
81.0,47.6302
80.0,46.558514
79.0,46.125317
78.0,57.726597
77.0,61.533337
76.0,65.0989
75.0,67.12339
74.0,80.27959
73.0,80.79846
72.0,99.56675
71.0,106.15343
70.0,93.520325
69.0,89.873665
68.0,95.23095
67.0,97.608665
66.0,100.65436
65.0,94.46537
64.0,91.94009
63.0,88.070404
62.0,79.27526
61.0,79.405136
60.0,73.71317
59.0,67.02043
58.0,68.65413
57.0,67.0231
56.0,61.070545
55.0,61.24055
54.0,62.000446
53.0,54.496113
52.0,53.106354
51.0,44.787365
50.0,35.1274
49.0,31.887041
48.0,33.950245
47.0,30.59561
46.0,33.367462
45.0,34.753094
44.0,32.822388
43.0,30.507572
42.0,31.413548
41.0,31.994463
40.0,27.502365
39.0,24.19625
38.0,28.561295
37.0,28.43759
36.0,27.34698
35.0,25.632742
34.0,29.334373
33.0,26.438599
32.0,22.535242
31.0,23.566036
30.0,26.25788
29.0,26.247467
28.0,28.114988
27.0,26.549576
26.0,24.113289
25.0,24.96323
24.0,24.083603
23.0,25.077087
22.0,21.354351
21.0,20.479868
20.0,20.977474
19.0,17.926182
18.0,19.994572
17.0,19.82811
16.0,17.469164
15.0,17.775566
14.0,16.75214
13.0,16.236206
12.0,15.353659
11.0,12.188186
10.0,12.175496
9.0,11.052895
8.0,8.532967
7.0,8.36008
6.0,7.6871285
5.0,6.1325707
4.0,6.120587
3.0,5.7214828
2.0,3.0262227
1.0,2.943459
0.0,-0.80370677
125.0,116.34177
125.0,116.37606
125.0,116.399475
125.0,116.40464
125.0,116.37926
125.0,116.37749
125.0,116.41416
125.0,116.40361
125.0,116.392075
125.0,116.38011
125.0,116.36044
125.0,116.22108
125.0,116.38041
125.0,116.35828
125.0,116.30667
125.0,116.40199
125.0,116.318726
125.0,116.33916
125.0,116.360565
125.0,116.37075
125.0,116.4057
125.0,116.39406
125.0,116.4047
125.0,116.39795
125.0,116.403854
125.0,116.405754
125.0,116.41204
125.0,116.419365
125.0,116.42378
125.0,116.42642
125.0,116.42681
125.0,116.43179
125.0,116.42674
125.0,116.42275
125.0,116.417404
125.0,116.41893
125.0,116.42143
125.0,116.40791
125.0,116.39311
125.0,116.41177
125.0,116.364426
125.0,116.39267
125.0,115.9944
125.0,116.24881
125.0,116.253944
125.0,115.884705
125.0,113.9494
125.0,115.33803
124.0,115.27093
123.0,116.09263
122.0,115.558395
121.0,115.379944
120.0,116.10268
119.0,116.234924
118.0,115.77754
117.0,115.70334
116.0,112.475494
115.0,114.076195
114.0,116.09456
113.0,114.34061
112.0,115.39198
111.0,115.169334
110.0,115.91359
109.0,116.345894
108.0,116.32349
107.0,116.3694
106.0,116.39869
105.0,116.401184
104.0,116.40538
103.0,116.39281
102.0,116.383446
101.0,116.3793
100.0,116.36908
99.0,116.14053
98.0,115.21362
97.0,115.80946
96.0,106.85431
95.0,111.54535
94.0,105.98772
93.0,104.89345
92.0,100.847466
91.0,97.09822
90.0,103.75096
89.0,107.327576
88.0,106.51495
87.0,106.80256
86.0,103.2969
85.0,113.84448
84.0,107.234314
83.0,109.83513
82.0,96.329056
81.0,90.35176
80.0,98.106255
79.0,93.522354
78.0,89.03849
77.0,91.439285
76.0,92.43956
75.0,93.666275
74.0,91.85329
73.0,107.42305
72.0,102.13956
71.0,108.49072
70.0,111.84999
69.0,110.431244
68.0,114.67109
67.0,113.32404
66.0,110.53233
65.0,104.65961
64.0,101.85526
63.0,103.60177
62.0,97.65539
61.0,87.057724
60.0,90.10708
59.0,87.72506
58.0,81.43082
57.0,77.282005
56.0,74.06507
55.0,73.45252
54.0,64.21253
53.0,66.115746
52.0,67.61159
51.0,68.048065
50.0,69.00615
49.0,67.05571
48.0,62.54152
47.0,60.21664
46.0,59.40915
45.0,56.195858
44.0,50.900433
43.0,50.389942
42.0,45.08317
41.0,43.32931
40.0,41.844845
39.0,42.01827
38.0,42.549206
37.0,42.189735
36.0,42.879486
35.0,42.675274
34.0,39.91533
33.0,38.187603
32.0,35.569355
31.0,35.010036
30.0,36.32797
29.0,33.62052
28.0,36.64564
27.0,33.945957
26.0,30.639828
25.0,30.209097
24.0,25.730518
23.0,24.05888
22.0,22.135288
21.0,21.074924
20.0,21.949268
19.0,21.0723
18.0,18.187145
17.0,15.899598
16.0,16.30628
15.0,14.30384
14.0,12.967226
13.0,12.9874735
12.0,11.891583
11.0,9.890212
10.0,8.341184
9.0,8.16197
8.0,6.1331286
7.0,4.4630127
6.0,4.569374
5.0,2.1750407
4.0,0.6716207
3.0,1.6662728
2.0,-0.51266015
1.0,-1.0685116
0.0,-1.6321856
125.0,116.33615
125.0,116.34201
124.0,116.319176
123.0,116.35632
122.0,116.3418
121.0,116.36901
120.0,116.32185
119.0,116.38223
118.0,116.38077
117.0,116.396515
116.0,116.24005
115.0,116.35091
114.0,116.37404
113.0,116.33855
112.0,116.078354
111.0,116.22729
110.0,116.063354
109.0,115.91904
108.0,107.305695
107.0,111.571
106.0,108.301895
105.0,107.53915
104.0,111.0238
103.0,109.17291
102.0,102.02493
101.0,99.83321
100.0,101.841255
99.0,111.81966
98.0,113.99085
97.0,115.710754
96.0,116.06405
95.0,115.94498
94.0,115.94384
93.0,115.07611
92.0,114.30214
91.0,115.84361
90.0,116.21439
89.0,115.796295
88.0,116.22563
87.0,116.31922
86.0,116.30736
85.0,116.34233
84.0,116.27982
83.0,116.27524
82.0,116.22271
81.0,116.20418
80.0,116.33499
79.0,114.82887
78.0,108.87883
77.0,96.25618
76.0,92.70445
75.0,89.58499
74.0,89.42403
73.0,87.0037
72.0,96.38493
71.0,96.13426
70.0,91.3972
69.0,92.200264
68.0,95.22593
67.0,102.6121
66.0,109.71097
65.0,109.8487
64.0,92.61125
63.0,79.914894
62.0,79.56683
61.0,73.55035
60.0,78.25952
59.0,85.258575
58.0,91.07413
57.0,77.00321
56.0,76.53173
55.0,75.803085
54.0,69.87753
53.0,68.91011
52.0,78.582726
51.0,72.39703
50.0,71.3401
49.0,63.933254
48.0,61.394054
47.0,52.74085
46.0,57.390827
45.0,53.379833
44.0,56.473923
43.0,55.830135
42.0,56.66105
41.0,50.627644
40.0,55.931087
39.0,51.118565
38.0,50.71228
37.0,49.302338
36.0,50.89276
35.0,45.082554
34.0,42.54887
33.0,44.44009
32.0,43.79219
31.0,39.32236
30.0,34.80508
29.0,33.170456
28.0,38.535496
27.0,34.788834
26.0,26.770973
25.0,26.698868
24.0,28.646072
23.0,26.76445
22.0,26.991901
21.0,25.469868
20.0,21.726313
19.0,22.172226
18.0,21.844746
17.0,16.627346
16.0,14.0040655
15.0,11.571028
14.0,12.847329
13.0,10.268811
12.0,11.11916
11.0,10.668771
10.0,8.951476
9.0,6.395656
8.0,5.506987
7.0,7.422258
6.0,5.67942
5.0,4.0761046
4.0,3.9615016
3.0,3.1018481
2.0,3.5758586
1.0,2.6445317
0.0,3.6691022
125.0,114.26286
125.0,115.744644
125.0,114.13705
125.0,112.72298
125.0,96.18582
125.0,88.18834
125.0,94.341
125.0,112.05167
125.0,112.58725
125.0,109.071365
125.0,112.50505
125.0,110.54959
125.0,110.41756
125.0,115.85896
125.0,115.9377
125.0,114.83431
125.0,114.02117
125.0,116.02438
125.0,116.21818
125.0,114.5341
125.0,115.72889
125.0,115.31146
125.0,114.0625
125.0,115.29013
125.0,116.09281
125.0,112.24765
125.0,101.32527
125.0,100.601105
125.0,108.77262
125.0,103.87306
125.0,108.10318
124.0,107.466415
123.0,97.64374
122.0,100.78109
121.0,101.42735
120.0,102.24873
119.0,109.59636
118.0,111.58167
117.0,114.90281
116.0,115.708595
115.0,116.29421
114.0,116.38261
113.0,116.405075
112.0,116.40552
111.0,116.41777
110.0,116.41597
109.0,116.41614
108.0,116.411156
107.0,116.41493
106.0,116.41323
105.0,116.392494
104.0,116.39061
103.0,116.37224
102.0,115.63275
101.0,98.54873
100.0,98.81598
99.0,74.753944
98.0,75.10629
97.0,78.588486
96.0,76.3545
95.0,80.904366
94.0,89.0569
93.0,85.36462
92.0,85.2145
91.0,89.38875
90.0,98.049805
89.0,106.52355
88.0,107.641785
87.0,105.825874
86.0,105.43422
85.0,105.47336
84.0,109.91469
83.0,108.95624
82.0,109.78761
81.0,114.81932
80.0,114.339676
79.0,114.97602
78.0,109.78748
77.0,80.554115
76.0,68.675255
75.0,65.919266
74.0,63.01861
73.0,62.729774
72.0,60.852566
71.0,53.783813
70.0,53.771526
69.0,54.840054
68.0,60.06483
67.0,69.35366
66.0,67.185455
65.0,72.91326
64.0,77.29187
63.0,76.565765
62.0,76.463326
61.0,76.90318
60.0,79.58858
59.0,75.66313
58.0,77.14018
57.0,88.963684
56.0,85.88079
55.0,71.863495
54.0,60.907433
53.0,52.307507
52.0,47.46963
51.0,54.872753
50.0,51.620316
49.0,49.825375
48.0,46.040154
47.0,44.5771
46.0,45.527832
45.0,44.435963
44.0,42.15958
43.0,42.269287
42.0,43.35677
41.0,39.370617
40.0,31.796247
39.0,36.107468
38.0,35.422794
37.0,40.095474
36.0,38.509464
35.0,38.067673
34.0,36.54742
33.0,35.082962
32.0,32.99368
31.0,32.20042
30.0,33.781982
29.0,30.848598
28.0,33.729755
27.0,32.624588
26.0,32.93531
25.0,31.930593
24.0,31.041355
23.0,28.745235
22.0,21.884462
21.0,23.799456
20.0,21.312983
19.0,20.61261
18.0,16.050547
17.0,12.756984
16.0,14.659105
15.0,13.875743
14.0,11.543576
13.0,11.638103
12.0,12.268677
11.0,11.345934
10.0,10.263709
9.0,10.08982
8.0,9.404816
7.0,8.947078
6.0,7.0805707
5.0,6.211923
4.0,4.9986196
3.0,4.545996
2.0,2.9445405
1.0,2.7348695
0.0,3.3720412
125.0,116.34205
125.0,115.767105
125.0,116.104385
125.0,116.16156
125.0,116.02997
125.0,116.26031
125.0,116.22084
125.0,116.05258
125.0,116.12951
125.0,116.22329
125.0,116.31358
125.0,116.37163
125.0,116.36215
125.0,116.18687
125.0,115.93811
125.0,113.67012
125.0,115.80997
125.0,116.2142
125.0,116.35309
125.0,116.38895
125.0,116.38844
125.0,116.38486
125.0,116.326935
125.0,116.22982
125.0,116.39608
125.0,116.38545
125.0,116.402985
125.0,116.36348
125.0,115.55469
125.0,116.3647
125.0,115.822845
125.0,116.32496
125.0,116.199005
125.0,115.81381
125.0,116.06688
125.0,115.31513
125.0,111.09381
125.0,104.92251
125.0,97.52342
125.0,92.820175
125.0,89.575386
125.0,94.9072
125.0,95.0058
125.0,91.47215
125.0,100.62085
125.0,109.64962
124.0,110.07411
123.0,110.30545
122.0,115.55009
121.0,116.025925
120.0,115.19581
119.0,115.92637
118.0,115.680405
117.0,114.22766
116.0,115.1541
115.0,115.52336
114.0,111.90093
113.0,112.10797
112.0,108.67891
111.0,91.04934
110.0,113.333206
109.0,89.55508
108.0,86.45744
107.0,84.79474
106.0,85.37279
105.0,84.47633
104.0,72.48308
103.0,71.98682
102.0,69.04474
101.0,71.16116
100.0,64.43384
99.0,63.41574
98.0,61.2411
97.0,57.329716
96.0,73.90492
95.0,89.08952
94.0,101.77115
93.0,112.907455
92.0,115.245605
91.0,115.69221
90.0,113.15997
89.0,113.17502
88.0,116.04659
87.0,114.19962
86.0,114.02494
85.0,115.42261
84.0,115.3241
83.0,114.614334
82.0,112.52403
81.0,103.14134
80.0,98.29878
79.0,89.764046
78.0,84.57428
77.0,87.20174
76.0,90.87694
75.0,103.95735
74.0,68.77382
73.0,47.708508
72.0,45.380558
71.0,45.658215
70.0,54.518543
69.0,53.117054
68.0,53.346584
67.0,46.969933
66.0,49.966305
65.0,46.733356
64.0,50.18659
63.0,51.058414
62.0,51.257793
61.0,54.10041
60.0,50.01401
59.0,59.36153
58.0,58.33347
57.0,53.03217
56.0,54.912365
55.0,52.75039
54.0,50.521683
53.0,50.179462
52.0,57.838833
51.0,49.354122
50.0,50.66503
49.0,44.986366
48.0,47.03697
47.0,50.89864
46.0,44.48995
45.0,38.0579
44.0,33.094658
43.0,34.729687
42.0,32.98541
41.0,34.18392
40.0,35.005203
39.0,33.759163
38.0,32.390358
37.0,27.291338
36.0,24.9957
35.0,18.677427
34.0,19.822746
33.0,22.670742
32.0,22.431301
31.0,23.207317
30.0,21.648415
29.0,21.423311
28.0,21.809494
27.0,21.250149
26.0,22.57873
25.0,24.053493
24.0,25.94944
23.0,23.632254
22.0,23.899998
21.0,21.338108
20.0,21.851286
19.0,21.73144
18.0,20.561613
17.0,20.26845
16.0,19.126106
15.0,20.827063
14.0,20.940493
13.0,21.012089
12.0,14.555184
11.0,15.356782
10.0,11.725647
9.0,8.480365
8.0,11.144017
7.0,10.779957
6.0,10.08644
5.0,6.696235
4.0,5.7900453
3.0,4.8197045
2.0,4.325209
1.0,3.7443728
0.0,1.3921102
